{
  "total_reward": 249765.89969080425,
  "total_steps": 88,
  "mean_reward_per_step": 2838.2488601227756,
  "num_phases_completed": 1,
  "phase_rewards": [
    249765.89969080425
  ],
  "distance_stats": {
    "final": 0.6342639327049255,
    "mean": 0.8559862834015015,
    "min_achieved": 0.22641529142856598,
    "max": 2.220666364136747,
    "std": 0.5916013904287873,
    "improvement": 1.5864024314318215
  },
  "targets_reached_stats": {
    "total": 146.0,
    "max_simultaneous": 3.0,
    "mean": 1.6590909090909092
  },
  "collision_stats": {
    "total": 0.0,
    "final": 0
  },
  "formation_stats": {
    "mean_error": 0.6760508390032237,
    "final_error": 0.8867700099945068,
    "min_error": 0.1884683072566986
  }
}