{
  "total_reward": 51.630380307918436,
  "total_steps": 360,
  "mean_reward_per_step": 0.1434177230775512,
  "num_phases_completed": 5,
  "phase_rewards": [
    12.92122661102379,
    12.855439156293869,
    12.855438232421875,
    12.855438083410263,
    0.1428382247686386
  ],
  "distance_stats": {
    "final": 0.48651063442230225,
    "mean": 0.48564537440687894,
    "min_achieved": 0.3910159394145012,
    "max": 0.4895320428273436,
    "std": 0.008114488947048743,
    "improvement": -0.09549469500780106
  },
  "targets_reached_stats": {
    "total": 0.0,
    "max_simultaneous": 0.0,
    "mean": 0.0
  },
  "collision_stats": {
    "total": 0.0,
    "final": 0
  },
  "formation_stats": {
    "mean_error": 0.0,
    "final_error": 0.0,
    "min_error": 0.0
  }
}