{
  "total_reward": -115.69426726302555,
  "total_steps": 26,
  "mean_reward_per_step": -4.449779510116367,
  "num_phases_completed": 1,
  "phase_rewards": [
    -115.69426726302555
  ],
  "distance_stats": {
    "final": 2.70839524269104,
    "mean": 1.79848482675264,
    "min_achieved": 1.2243746519088745,
    "max": 2.70839524269104,
    "std": 0.4074054024162143,
    "improvement": -0.47550230853841713
  },
  "targets_reached_stats": {
    "total": 0.0,
    "max_simultaneous": 0.0,
    "mean": 0.0
  },
  "collision_stats": {
    "total": 0.0,
    "final": 0
  },
  "formation_stats": {
    "mean_error": 0.0,
    "final_error": 0.0,
    "min_error": 0.0
  }
}