{
  "total_reward": -127.78426262348484,
  "total_steps": 552,
  "mean_reward_per_step": -0.2314932293903711,
  "num_phases_completed": 4,
  "phase_rewards": [
    -48.968456748719944,
    -40.83671319484714,
    -37.328092360496534,
    -0.6510003194212914
  ],
  "distance_stats": {
    "final": 0.12659189105033875,
    "mean": 2.314932293903711,
    "min_achieved": 0.12659189105033875,
    "max": 2.9196457862854004,
    "std": 0.4526687214044856,
    "improvement": 1.539004734674984
  },
  "targets_reached_stats": {
    "total": 1.0,
    "max_simultaneous": 1.0,
    "mean": 0.0018115942028985507
  },
  "collision_stats": {
    "total": 0.0,
    "final": 0
  },
  "formation_stats": {
    "mean_error": 0.0,
    "final_error": 0.0,
    "min_error": 0.0
  }
}