{
  "total_reward": 736693.0967147801,
  "total_steps": 95,
  "mean_reward_per_step": 7754.664175945053,
  "num_phases_completed": 2,
  "phase_rewards": [
    717085.6951984715,
    19607.40151630861
  ],
  "distance_stats": {
    "final": 2.675386667251587,
    "mean": 2.2670420872167907,
    "min_achieved": 1.9646817087187745,
    "max": 2.675386667251587,
    "std": 0.147984769561954,
    "improvement": -0.47669679847098045
  },
  "targets_reached_stats": {
    "total": 0.0,
    "max_simultaneous": 0.0,
    "mean": 0.0
  },
  "collision_stats": {
    "total": 80.0,
    "final": 2
  },
  "formation_stats": {
    "mean_error": 0.808646639989458,
    "final_error": 0.6136889457702637,
    "min_error": 0.5535446701242087
  }
}