{
  "total_reward": 14224.989414723166,
  "total_steps": 140,
  "mean_reward_per_step": 101.60706724802262,
  "num_phases_completed": 2,
  "phase_rewards": [
    6970.054988270797,
    7254.934426452372
  ],
  "distance_stats": {
    "final": 2.8442633152008057,
    "mean": 2.535384952346924,
    "min_achieved": 2.3749234676361084,
    "max": 2.8442633152008057,
    "std": 0.0945457682362824,
    "improvement": -0.03770201671361839
  },
  "targets_reached_stats": {
    "total": 0.0,
    "max_simultaneous": 0.0,
    "mean": 0.0
  },
  "collision_stats": {
    "total": 0.0,
    "final": 0
  },
  "formation_stats": {
    "mean_error": 1.2842538821162928,
    "final_error": 1.2125723361968994,
    "min_error": 1.034833807342519
  }
}