{
  "total_reward": 58400.87033592265,
  "total_steps": 360,
  "mean_reward_per_step": 162.22463982200736,
  "num_phases_completed": 5,
  "phase_rewards": [
    40166.10548692672,
    5179.985760065317,
    2255.1929945708926,
    10691.090134739912,
    108.49595961982557
  ],
  "distance_stats": {
    "final": 0.5135281085968018,
    "mean": 0.6767962531465135,
    "min_achieved": 0.4234035015106201,
    "max": 1.1563231562455147,
    "std": 0.2013649368776676,
    "improvement": 0.642795047648713
  },
  "targets_reached_stats": {
    "total": 0.0,
    "max_simultaneous": 0.0,
    "mean": 0.0
  },
  "collision_stats": {
    "total": 0.0,
    "final": 0
  },
  "formation_stats": {
    "mean_error": 0.04240036244265258,
    "final_error": 0.03920396789908409,
    "min_error": 0.015921209007501602
  }
}