{
  "total_reward": 36.009235772504894,
  "total_steps": 47,
  "mean_reward_per_step": 0.7661539526064871,
  "num_phases_completed": 1,
  "phase_rewards": [
    36.009235772504894
  ],
  "distance_stats": {
    "final": 1.0201106071472168,
    "mean": 0.9262195457150202,
    "min_achieved": 0.7061987519264221,
    "max": 1.4564613490119225,
    "std": 0.2250979175223883,
    "improvement": 0.4363507418647057
  },
  "targets_reached_stats": {
    "total": 0.0,
    "max_simultaneous": 0.0,
    "mean": 0.0
  },
  "collision_stats": {
    "total": 0.0,
    "final": 0
  },
  "formation_stats": {
    "mean_error": 0.2503111808821806,
    "final_error": 0.285614937543869,
    "min_error": 0.1358780413866043
  }
}