{
  "total_reward": 1.1107737076152866,
  "total_steps": 56,
  "mean_reward_per_step": 0.019835244778844404,
  "num_phases_completed": 1,
  "phase_rewards": [
    1.1107737076152866
  ],
  "distance_stats": {
    "final": 0.9865105152130127,
    "mean": 0.9809479218997469,
    "min_achieved": 0.8910159394145012,
    "max": 0.9895312585593462,
    "std": 0.019928819956734643,
    "improvement": -0.0954945757985115
  },
  "targets_reached_stats": {
    "total": 0.0,
    "max_simultaneous": 0.0,
    "mean": 0.0
  },
  "collision_stats": {
    "total": 0.0,
    "final": 0
  },
  "formation_stats": {
    "mean_error": 0.0,
    "final_error": 0.0,
    "min_error": 0.0
  }
}