{
  "total_reward": 157663.17095471988,
  "total_steps": 360,
  "mean_reward_per_step": 437.95325265199966,
  "num_phases_completed": 5,
  "phase_rewards": [
    19625.58398786898,
    30828.75876646072,
    39427.06608223758,
    67135.66027394305,
    646.101844209531
  ],
  "distance_stats": {
    "final": 1.6504592895507812,
    "mean": 1.6183917392994673,
    "min_achieved": 1.3771138191223145,
    "max": 1.9812092505485648,
    "std": 0.0920410504918738,
    "improvement": 0.33074996099778353
  },
  "targets_reached_stats": {
    "total": 0.0,
    "max_simultaneous": 0.0,
    "mean": 0.0
  },
  "collision_stats": {
    "total": 21534.0,
    "final": 282
  },
  "formation_stats": {
    "mean_error": 0.9317324657294085,
    "final_error": 0.9265438914299011,
    "min_error": 0.8479724488451994
  }
}