{
  "total_reward": 5283.1854659225255,
  "total_steps": 91,
  "mean_reward_per_step": 58.05698314200578,
  "num_phases_completed": 2,
  "phase_rewards": [
    5288.730978560555,
    -5.54551263802931
  ],
  "distance_stats": {
    "final": 1.841544270515442,
    "mean": 1.682504717622919,
    "min_achieved": 1.4795352220535278,
    "max": 2.1609783769186937,
    "std": 0.14908550403595258,
    "improvement": 0.31943410640325176
  },
  "targets_reached_stats": {
    "total": 0.0,
    "max_simultaneous": 0.0,
    "mean": 0.0
  },
  "collision_stats": {
    "total": 0.0,
    "final": 0
  },
  "formation_stats": {
    "mean_error": 1.1278512628009596,
    "final_error": 1.3174021244049072,
    "min_error": 1.0268733501434326
  }
}