{
  "total_reward": 8612.611522289099,
  "total_steps": 91,
  "mean_reward_per_step": 94.64408266251756,
  "num_phases_completed": 2,
  "phase_rewards": [
    8602.871204637171,
    9.740317651925931
  ],
  "distance_stats": {
    "final": 1.311848759651184,
    "mean": 0.792664790813881,
    "min_achieved": 0.17812490463256836,
    "max": 2.1609783769186937,
    "std": 0.5434719106841538,
    "improvement": 0.8491296172675096
  },
  "targets_reached_stats": {
    "total": 197.0,
    "max_simultaneous": 4.0,
    "mean": 2.1648351648351647
  },
  "collision_stats": {
    "total": 1134.0,
    "final": 18
  },
  "formation_stats": {
    "mean_error": 0.6705896116990956,
    "final_error": 1.2925565242767334,
    "min_error": 0.11458176374435425
  }
}