{
  "total_reward": 866491.7780147218,
  "total_steps": 360,
  "mean_reward_per_step": 2406.9216055964494,
  "num_phases_completed": 5,
  "phase_rewards": [
    299208.6023991195,
    103180.10633733176,
    129497.23444037723,
    331082.68158130505,
    3523.1532565885873
  ],
  "distance_stats": {
    "final": 1.0411564111709595,
    "mean": 2.100964514804324,
    "min_achieved": 1.0339380502700806,
    "max": 2.9133527278900146,
    "std": 0.6534702241978935,
    "improvement": 1.433109674315967
  },
  "targets_reached_stats": {
    "total": 0.0,
    "max_simultaneous": 0.0,
    "mean": 0.0
  },
  "collision_stats": {
    "total": 0.0,
    "final": 0
  },
  "formation_stats": {
    "mean_error": 0.5335050859559936,
    "final_error": 0.5636387467384338,
    "min_error": 0.30097514390945435
  }
}