{
  "total_reward": 5372.605661608862,
  "total_steps": 276,
  "mean_reward_per_step": 19.465962542061092,
  "num_phases_completed": 4,
  "phase_rewards": [
    712.7274572924198,
    759.8850963969281,
    3886.831646256954,
    13.161461662559764
  ],
  "distance_stats": {
    "final": 2.2564735412597656,
    "mean": 2.088177608607911,
    "min_achieved": 1.760596752166748,
    "max": 2.372877359390259,
    "std": 0.21073975532987854,
    "improvement": -0.020108802473156828
  },
  "targets_reached_stats": {
    "total": 0.0,
    "max_simultaneous": 0.0,
    "mean": 0.0
  },
  "collision_stats": {
    "total": 0.0,
    "final": 0
  },
  "formation_stats": {
    "mean_error": 0.0,
    "final_error": 0.0,
    "min_error": 0.0
  }
}