{
  "total_reward": 17139.409248079653,
  "total_steps": 100,
  "mean_reward_per_step": 171.39409248079653,
  "num_phases_completed": 2,
  "phase_rewards": [
    16842.5467893578,
    296.86245872184736
  ],
  "distance_stats": {
    "final": 4.070791244506836,
    "mean": 1.773125170345722,
    "min_achieved": 0.9580459594726562,
    "max": 4.070791244506836,
    "std": 0.8971478887557797,
    "improvement": -2.6887957197353183
  },
  "targets_reached_stats": {
    "total": 0.0,
    "max_simultaneous": 0.0,
    "mean": 0.0
  },
  "collision_stats": {
    "total": 0.0,
    "final": 0
  },
  "formation_stats": {
    "mean_error": 0.341604371471102,
    "final_error": 0.8421093821525574,
    "min_error": 0.23704854332976116
  }
}