{
  "total_reward": 95.70180509650436,
  "total_steps": 167,
  "mean_reward_per_step": 0.5730647011766729,
  "num_phases_completed": 2,
  "phase_rewards": [
    77.7369978096458,
    17.96480728685856
  ],
  "distance_stats": {
    "final": 2.3459815979003906,
    "mean": 1.5549317625465382,
    "min_achieved": 0.7022258639335632,
    "max": 2.6742701530456543,
    "std": 0.7479263291083489,
    "improvement": -0.8895202488884681
  },
  "targets_reached_stats": {
    "total": 0.0,
    "max_simultaneous": 0.0,
    "mean": 0.0
  },
  "collision_stats": {
    "total": 0.0,
    "final": 0
  },
  "formation_stats": {
    "mean_error": 0.7097041858078882,
    "final_error": 1.1263822317123413,
    "min_error": 0.27023500204086304
  }
}