{
  "total_reward": 66456.20064447675,
  "total_steps": 53,
  "mean_reward_per_step": 1253.8905781976744,
  "num_phases_completed": 1,
  "phase_rewards": [
    66456.20064447675
  ],
  "distance_stats": {
    "final": 0.7407572269439697,
    "mean": 0.7899083097362907,
    "min_achieved": 0.6069834232330322,
    "max": 1.1563231562455147,
    "std": 0.13905160854655974,
    "improvement": 0.415565929301545
  },
  "targets_reached_stats": {
    "total": 0.0,
    "max_simultaneous": 0.0,
    "mean": 0.0
  },
  "collision_stats": {
    "total": 0.0,
    "final": 0
  },
  "formation_stats": {
    "mean_error": 0.24868996161763182,
    "final_error": 0.31676045060157776,
    "min_error": 0.07488896592450253
  }
}