{
  "total_reward": 2419.7208494384618,
  "total_steps": 265,
  "mean_reward_per_step": 9.131022073352685,
  "num_phases_completed": 3,
  "phase_rewards": [
    681.8010399072724,
    1088.5648745059486,
    649.3549350252403
  ],
  "distance_stats": {
    "final": 2.351959228515625,
    "mean": 2.2665932180536856,
    "min_achieved": 2.18900465965271,
    "max": 2.3932855129241943,
    "std": 0.05277518017247088,
    "improvement": -0.11571282650938919
  },
  "targets_reached_stats": {
    "total": 0.0,
    "max_simultaneous": 0.0,
    "mean": 0.0
  },
  "collision_stats": {
    "total": 0.0,
    "final": 0
  },
  "formation_stats": {
    "mean_error": 0.0,
    "final_error": 0.0,
    "min_error": 0.0
  }
}