{
  "total_reward": -34.05707683172598,
  "total_steps": 192,
  "mean_reward_per_step": -0.17738060849857282,
  "num_phases_completed": 2,
  "phase_rewards": [
    -30.957948512876182,
    -3.099128318849791
  ],
  "distance_stats": {
    "final": 2.438716173171997,
    "mean": 1.7680123642992012,
    "min_achieved": 1.6714991487556032,
    "max": 2.438716173171997,
    "std": 0.1732835371497645,
    "improvement": -0.7672170244163938
  },
  "targets_reached_stats": {
    "total": 0.0,
    "max_simultaneous": 0.0,
    "mean": 0.0
  },
  "collision_stats": {
    "total": 0.0,
    "final": 0
  },
  "formation_stats": {
    "mean_error": 0.0,
    "final_error": 0.0,
    "min_error": 0.0
  }
}