{
  "total_reward": -982.2277556593014,
  "total_steps": 63,
  "mean_reward_per_step": -15.590916756496847,
  "num_phases_completed": 1,
  "phase_rewards": [
    -982.2277556593014
  ],
  "distance_stats": {
    "final": 3.369677782058716,
    "mean": 1.8819177460915932,
    "min_achieved": 1.2584930658340454,
    "max": 3.369677782058716,
    "std": 0.5106875851610151,
    "improvement": -1.1332043162125882
  },
  "targets_reached_stats": {
    "total": 0.0,
    "max_simultaneous": 0.0,
    "mean": 0.0
  },
  "collision_stats": {
    "total": 0.0,
    "final": 0
  },
  "formation_stats": {
    "mean_error": 0.0,
    "final_error": 0.0,
    "min_error": 0.0
  }
}