{
  "total_reward": 870.6290816771984,
  "total_steps": 303,
  "mean_reward_per_step": 2.8733633058653414,
  "num_phases_completed": 4,
  "phase_rewards": [
    426.0111921536923,
    214.99959588050842,
    83.95225071907043,
    145.6660429239273
  ],
  "distance_stats": {
    "final": 1.1032285690307617,
    "mean": 1.2816591765827472,
    "min_achieved": 0.6471595764160156,
    "max": 2.0098304748535156,
    "std": 0.41867223966518763,
    "improvement": 0.35323277998116076
  },
  "targets_reached_stats": {
    "total": 0.0,
    "max_simultaneous": 0.0,
    "mean": 0.0
  },
  "collision_stats": {
    "total": 0.0,
    "final": 0
  },
  "formation_stats": {
    "mean_error": 0.41148111061790316,
    "final_error": 0.5780471563339233,
    "min_error": 0.2294168323278427
  }
}