{
  "total_reward": 493.2749552909033,
  "total_steps": 160,
  "mean_reward_per_step": 3.0829684705681455,
  "num_phases_completed": 2,
  "phase_rewards": [
    391.40543963347835,
    101.86951565742493
  ],
  "distance_stats": {
    "final": 1.6442584991455078,
    "mean": 1.2292578827304925,
    "min_achieved": 0.5588001608848572,
    "max": 1.7268259525299072,
    "std": 0.41219292079775216,
    "improvement": -0.18779715013358533
  },
  "targets_reached_stats": {
    "total": 0.0,
    "max_simultaneous": 0.0,
    "mean": 0.0
  },
  "collision_stats": {
    "total": 0.0,
    "final": 0
  },
  "formation_stats": {
    "mean_error": 0.48237146490785376,
    "final_error": 0.6291565895080566,
    "min_error": 0.17212341725826263
  }
}