{
  "total_reward": 110.31449731075818,
  "total_steps": 153,
  "mean_reward_per_step": 0.7210097863448247,
  "num_phases_completed": 2,
  "phase_rewards": [
    73.30876681590135,
    37.005730494856834
  ],
  "distance_stats": {
    "final": 1.3469555377960205,
    "mean": 1.0829788008466523,
    "min_achieved": 0.6860314011573792,
    "max": 1.914360761642456,
    "std": 0.3377192874281709,
    "improvement": 0.10950581121590197
  },
  "targets_reached_stats": {
    "total": 0.0,
    "max_simultaneous": 0.0,
    "mean": 0.0
  },
  "collision_stats": {
    "total": 0.0,
    "final": 0
  },
  "formation_stats": {
    "mean_error": 0.3825656999413842,
    "final_error": 0.740987241268158,
    "min_error": 0.1586826592683792
  }
}