{
  "total_reward": -0.4298364889309769,
  "total_steps": 1,
  "mean_reward_per_step": -0.4298364889309769,
  "num_phases_completed": 1,
  "phase_rewards": [
    -0.4298364889309769
  ],
  "distance_stats": {
    "final": 2.429836488930977,
    "mean": 2.429836488930977,
    "min_achieved": 2.429836488930977,
    "max": 2.429836488930977,
    "std": 0.0,
    "improvement": 0
  },
  "targets_reached_stats": {
    "total": 0.0,
    "max_simultaneous": 0.0,
    "mean": 0.0
  },
  "collision_stats": {
    "total": 0.0,
    "final": 0
  },
  "formation_stats": {
    "mean_error": 0.0,
    "final_error": 0.0,
    "min_error": 0.0
  }
}