{
  "total_reward": 64848.438736210075,
  "total_steps": 88,
  "mean_reward_per_step": 736.9140765478418,
  "num_phases_completed": 1,
  "phase_rewards": [
    64848.438736210075
  ],
  "distance_stats": {
    "final": 5.12865686416626,
    "mean": 2.2134085443525024,
    "min_achieved": 1.3023507595062256,
    "max": 5.12865686416626,
    "std": 1.135434097457023,
    "improvement": -3.666821988447165
  },
  "targets_reached_stats": {
    "total": 0.0,
    "max_simultaneous": 0.0,
    "mean": 0.0
  },
  "collision_stats": {
    "total": 0.0,
    "final": 0
  },
  "formation_stats": {
    "mean_error": 1.5501021863000444,
    "final_error": 3.73482346534729,
    "min_error": 0.2718385532898532
  }
}