{
  "total_reward": 476273.6403842736,
  "total_steps": 360,
  "mean_reward_per_step": 1322.98233440076,
  "num_phases_completed": 5,
  "phase_rewards": [
    3572.1281227023237,
    13077.62202882397,
    451717.2437956859,
    7874.157346734858,
    32.48909032675182
  ],
  "distance_stats": {
    "final": 1.466846526253502,
    "mean": 1.713978405910366,
    "min_achieved": 0.7261550557384168,
    "max": 2.136451200794125,
    "std": 0.37399818417326836,
    "improvement": -0.1334024619230938
  },
  "targets_reached_stats": {
    "total": 0.0,
    "max_simultaneous": 0.0,
    "mean": 0.0
  },
  "collision_stats": {
    "total": 0.0,
    "final": 0
  },
  "formation_stats": {
    "mean_error": 0.4944599917700084,
    "final_error": 0.6373463376476042,
    "min_error": 0.1870683892033457
  }
}