{
  "total_reward": 245276.6480221274,
  "total_steps": 103,
  "mean_reward_per_step": 2381.3266798264794,
  "num_phases_completed": 2,
  "phase_rewards": [
    211427.70634219822,
    33848.941679929114
  ],
  "distance_stats": {
    "final": 1.7185862064361572,
    "mean": 1.4769383595738228,
    "min_achieved": 1.033047455873655,
    "max": 1.7287750244140625,
    "std": 0.2002656161529226,
    "improvement": -0.38514214210574904
  },
  "targets_reached_stats": {
    "total": 0.0,
    "max_simultaneous": 0.0,
    "mean": 0.0
  },
  "collision_stats": {
    "total": 0.0,
    "final": 0
  },
  "formation_stats": {
    "mean_error": 0.4579224288760366,
    "final_error": 0.44321587681770325,
    "min_error": 0.1870683892033457
  }
}