{
  "total_reward": 557555.5153316914,
  "total_steps": 301,
  "mean_reward_per_step": 1852.3439047564498,
  "num_phases_completed": 4,
  "phase_rewards": [
    151710.47370771546,
    164380.2737175293,
    223710.06923159913,
    17754.698674847667
  ],
  "distance_stats": {
    "final": 0.08748535811901093,
    "mean": 0.3834530804992105,
    "min_achieved": 0.0475752018392086,
    "max": 1.7502210140228271,
    "std": 0.45938545482288,
    "improvement": 1.3689759908929116
  },
  "targets_reached_stats": {
    "total": 734.0,
    "max_simultaneous": 4.0,
    "mean": 2.4385382059800667
  },
  "collision_stats": {
    "total": 0.0,
    "final": 0
  },
  "formation_stats": {
    "mean_error": 0.13875067522662923,
    "final_error": 0.02689245715737343,
    "min_error": 0.004826080519706011
  }
}