{
  "total_reward": 2306.3957961807137,
  "total_steps": 360,
  "mean_reward_per_step": 6.406654989390871,
  "num_phases_completed": 5,
  "phase_rewards": [
    528.1886242637519,
    591.030656337738,
    590.3864850997925,
    590.2452564239502,
    6.544774055480957
  ],
  "distance_stats": {
    "final": 0.36380651593208313,
    "mean": 0.39833625157608726,
    "min_achieved": 0.2782590389251709,
    "max": 1.400313411726584,
    "std": 0.17202762867227658,
    "improvement": 1.036506895794501
  },
  "targets_reached_stats": {
    "total": 397.0,
    "max_simultaneous": 2.0,
    "mean": 1.1027777777777779
  },
  "collision_stats": {
    "total": 0.0,
    "final": 0
  },
  "formation_stats": {
    "mean_error": 0.3130766221111113,
    "final_error": 0.3314887285232544,
    "min_error": 0.14741578698158264
  }
}