{
  "num_episodes": 1,
  "reward_stats": {
    "mean": 2306.3957961807137,
    "std": 0.0,
    "min": 2306.3957961807137,
    "max": 2306.3957961807137,
    "all_rewards": [
      2306.3957961807137
    ]
  },
  "distance_stats": {
    "mean": 0.39833625157608726,
    "std": 0.0,
    "min": 0.39833625157608726,
    "max": 0.39833625157608726,
    "all_distances": [
      0.39833625157608726
    ]
  },
  "individual_episodes": [
    {
      "total_reward": 2306.3957961807137,
      "total_steps": 360,
      "mean_reward_per_step": 6.406654989390871,
      "num_phases_completed": 5,
      "phase_rewards": [
        528.1886242637519,
        591.030656337738,
        590.3864850997925,
        590.2452564239502,
        6.544774055480957
      ],
      "distance_stats": {
        "final": 