{
  "total_reward": 359.6322627725242,
  "total_steps": 151,
  "mean_reward_per_step": 2.3816706143875774,
  "num_phases_completed": 2,
  "phase_rewards": [
    323.7318843640968,
    35.90037840842747
  ],
  "distance_stats": {
    "final": 1.9280931949615479,
    "mean": 1.2169232767930616,
    "min_achieved": 0.7058781981468201,
    "max": 1.9280931949615479,
    "std": 0.4099358649366175,
    "improvement": -0.4716318459496254
  },
  "targets_reached_stats": {
    "total": 0.0,
    "max_simultaneous": 0.0,
    "mean": 0.0
  },
  "collision_stats": {
    "total": 0.0,
    "final": 0
  },
  "formation_stats": {
    "mean_error": 0.5505308455552664,
    "final_error": 0.4829827845096588,
    "min_error": 0.1791985183954239
  }
}