{
  "total_reward": -61.70580966971575,
  "total_steps": 296,
  "mean_reward_per_step": -0.20846557320849915,
  "num_phases_completed": 4,
  "phase_rewards": [
    -18.90220928102571,
    -9.93302389317585,
    -26.89128661586366,
    -5.979289879650536
  ],
  "distance_stats": {
    "final": 2.0920376777648926,
    "mean": 1.9528663085785674,
    "min_achieved": 0.9948850274085999,
    "max": 2.942579746246338,
    "std": 0.7587625880530996,
    "improvement": -0.42644105203956983
  },
  "targets_reached_stats": {
    "total": 0.0,
    "max_simultaneous": 0.0,
    "mean": 0.0
  },
  "collision_stats": {
    "total": 0.0,
    "final": 0
  },
  "formation_stats": {
    "mean_error": 0.0,
    "final_error": 0.0,
    "min_error": 0.0
  }
}