{
  "total_reward": 536.4585831174619,
  "total_steps": 151,
  "mean_reward_per_step": 3.5527058484600125,
  "num_phases_completed": 2,
  "phase_rewards": [
    446.2985248574979,
    90.16005825996399
  ],
  "distance_stats": {
    "final": 1.6591646671295166,
    "mean": 1.1118235398586604,
    "min_achieved": 0.5621694922447205,
    "max": 1.7033823728561401,
    "std": 0.4800173842362711,
    "improvement": -0.20270331811759412
  },
  "targets_reached_stats": {
    "total": 0.0,
    "max_simultaneous": 0.0,
    "mean": 0.0
  },
  "collision_stats": {
    "total": 0.0,
    "final": 0
  },
  "formation_stats": {
    "mean_error": 0.4316309462972091,
    "final_error": 0.654334545135498,
    "min_error": 0.10747316479682922
  }
}