{
  "total_reward": -151.59258906040736,
  "total_steps": 720,
  "mean_reward_per_step": -0.2105452625838991,
  "num_phases_completed": 5,
  "phase_rewards": [
    -54.3982680619016,
    -44.03791517866442,
    -40.572786246326515,
    -12.51557015815967,
    -0.06804941535516057
  ],
  "distance_stats": {
    "final": 0.5027294158935547,
    "mean": 1.8944361130892666,
    "min_achieved": 0.502689778804779,
    "max": 2.9196457862854004,
    "std": 0.8587790103327416,
    "improvement": 1.162867209831768
  },
  "targets_reached_stats": {
    "total": 0.0,
    "max_simultaneous": 0.0,
    "mean": 0.0
  },
  "collision_stats": {
    "total": 0.0,
    "final": 0
  },
  "formation_stats": {
    "mean_error": 0.0,
    "final_error": 0.0,
    "min_error": 0.0
  }
}