{
  "total_reward": 49.00950257245205,
  "total_steps": 230,
  "mean_reward_per_step": 0.21308479379326978,
  "num_phases_completed": 3,
  "phase_rewards": [
    48.27993151391348,
    0.7207387962698704,
    0.008832262268697377
  ],
  "distance_stats": {
    "final": 2.1621785163879395,
    "mean": 1.5683596045464219,
    "min_achieved": 0.0153203709051013,
    "max": 2.547614097595215,
    "std": 1.0176705356650635,
    "improvement": -0.4965818906626167
  },
  "targets_reached_stats": {
    "total": 61.0,
    "max_simultaneous": 1.0,
    "mean": 0.26521739130434785
  },
  "collision_stats": {
    "total": 0.0,
    "final": 0
  },
  "formation_stats": {
    "mean_error": 0.0,
    "final_error": 0.0,
    "min_error": 0.0
  }
}