{
  "total_reward": -352.09629363270767,
  "total_steps": 720,
  "mean_reward_per_step": -0.48902263004542734,
  "num_phases_completed": 5,
  "phase_rewards": [
    120.69267751444856,
    41.38868581152145,
    -154.26625414035092,
    -357.93198168010804,
    -1.979421138218979
  ],
  "distance_stats": {
    "final": 3.965723752975464,
    "mean": 2.437160776548213,
    "min_achieved": 0.9024296998977661,
    "max": 3.9739668369293213,
    "std": 1.0647064015135297,
    "improvement": -1.535887264044487
  },
  "targets_reached_stats": {
    "total": 0.0,
    "max_simultaneous": 0.0,
    "mean": 0.0
  },
  "collision_stats": {
    "total": 0.0,
    "final": 0
  },
  "formation_stats": {
    "mean_error": 0.0,
    "final_error": 0.0,
    "min_error": 0.0
  }
}