{
  "total_reward": 1328.9613245735054,
  "total_steps": 211,
  "mean_reward_per_step": 6.298394903191968,
  "num_phases_completed": 3,
  "phase_rewards": [
    528.1886242637519,
    591.030656337738,
    209.74204397201538
  ],
  "distance_stats": {
    "final": 0.36411380767822266,
    "mean": 0.4254012719421162,
    "min_achieved": 0.2782590389251709,
    "max": 1.400313411726584,
    "std": 0.22069409278449956,
    "improvement": 1.0361996040483614
  },
  "targets_reached_stats": {
    "total": 250.0,
    "max_simultaneous": 2.0,
    "mean": 1.1848341232227488
  },
  "collision_stats": {
    "total": 0.0,
    "final": 0
  },
  "formation_stats": {
    "mean_error": 0.3030664926273157,
    "final_error": 0.3206692039966583,
    "min_error": 0.14741578698158264
  }
}