{
  "total_reward": -739.3472864724474,
  "total_steps": 720,
  "mean_reward_per_step": -1.0268712312117325,
  "num_phases_completed": 5,
  "phase_rewards": [
    -24.534688281540582,
    -292.61534155691123,
    -85.02335479835844,
    -335.26600714047083,
    -1.9078946951665463
  ],
  "distance_stats": {
    "final": 3.8409557342529297,
    "mean": 2.9832017570153755,
    "min_achieved": 1.959545612335205,
    "max": 3.8579180240631104,
    "std": 0.7573525778908846,
    "improvement": -0.878826074763396
  },
  "targets_reached_stats": {
    "total": 0.0,
    "max_simultaneous": 0.0,
    "mean": 0.0
  },
  "collision_stats": {
    "total": 0.0,
    "final": 0
  },
  "formation_stats": {
    "mean_error": 0.0,
    "final_error": 0.0,
    "min_error": 0.0
  }
}