{
  "total_reward": 5284.706958544732,
  "total_steps": 91,
  "mean_reward_per_step": 58.0737028411509,
  "num_phases_completed": 2,
  "phase_rewards": [
    5288.730978560555,
    -4.024020015823458
  ],
  "distance_stats": {
    "final": 1.8527030944824219,
    "mean": 1.6826273420621167,
    "min_achieved": 1.4795352220535278,
    "max": 2.1609783769186937,
    "std": 0.14922079310002126,
    "improvement": 0.3082752824362718
  },
  "targets_reached_stats": {
    "total": 0.0,
    "max_simultaneous": 0.0,
    "mean": 0.0
  },
  "collision_stats": {
    "total": 0.0,
    "final": 0
  },
  "formation_stats": {
    "mean_error": 1.1248056161020394,
    "final_error": 1.0402482748031616,
    "min_error": 1.0268733501434326
  }
}