{
  "total_reward": 118.09342570653575,
  "total_steps": 64,
  "mean_reward_per_step": 1.8452097766646212,
  "num_phases_completed": 1,
  "phase_rewards": [
    118.09342570653575
  ],
  "distance_stats": {
    "final": 1.4978678226470947,
    "mean": 1.5386975483832641,
    "min_achieved": 1.1966145038604736,
    "max": 2.220666364136747,
    "std": 0.30725105267300074,
    "improvement": 0.7227985414896523
  },
  "targets_reached_stats": {
    "total": 0.0,
    "max_simultaneous": 0.0,
    "mean": 0.0
  },
  "collision_stats": {
    "total": 0.0,
    "final": 0
  },
  "formation_stats": {
    "mean_error": 0.7840416446939015,
    "final_error": 0.720395565032959,
    "min_error": 0.7187796235084534
  }
}