{
  "total_reward": 1236.052133875793,
  "total_steps": 360,
  "mean_reward_per_step": 3.433478149654981,
  "num_phases_completed": 5,
  "phase_rewards": [
    312.68235715002413,
    306.40657091140747,
    306.85945653915405,
    306.6945741176605,
    3.409175157546997
  ],
  "distance_stats": {
    "final": 0.5908247828483582,
    "mean": 0.566521858706226,
    "min_achieved": 0.03551901943880959,
    "max": 0.6084774136543274,
    "std": 0.09213978745480828,
    "improvement": -0.21093153953552246
  },
  "targets_reached_stats": {
    "total": 83.0,
    "max_simultaneous": 1.0,
    "mean": 0.23055555555555557
  },
  "collision_stats": {
    "total": 0.0,
    "final": 0
  },
  "formation_stats": {
    "mean_error": 0.0,
    "final_error": 0.0,
    "min_error": 0.0
  }
}