{
  "total_reward": 6727.848628998651,
  "total_steps": 65,
  "mean_reward_per_step": 103.50536352305618,
  "num_phases_completed": 1,
  "phase_rewards": [
    6727.848628998651
  ],
  "distance_stats": {
    "final": 0.6274538040161133,
    "mean": 0.6388608919567846,
    "min_achieved": 0.5247718691825867,
    "max": 1.1563231562455147,
    "std": 0.15664990645688615,
    "improvement": 0.5288693522294015
  },
  "targets_reached_stats": {
    "total": 0.0,
    "max_simultaneous": 0.0,
    "mean": 0.0
  },
  "collision_stats": {
    "total": 0.0,
    "final": 0
  },
  "formation_stats": {
    "mean_error": 0.35747851672998593,
    "final_error": 0.6100050210952759,
    "min_error": 0.07488896592450253
  }
}