{
  "total_reward": 121.5544936343511,
  "total_steps": 360,
  "mean_reward_per_step": 0.3376513712065308,
  "num_phases_completed": 5,
  "phase_rewards": [
    48.27993151391348,
    69.12105268239975,
    2.461098549887538,
    1.6737776547670364,
    0.01863323338329792
  ],
  "distance_stats": {
    "final": 0.9957021474838257,
    "mean": 0.6086823613199885,
    "min_achieved": 0.0153203709051013,
    "max": 1.6655966257253227,
    "std": 0.4827614695215544,
    "improvement": 0.6698944782414971
  },
  "targets_reached_stats": {
    "total": 150.0,
    "max_simultaneous": 1.0,
    "mean": 0.4166666666666667
  },
  "collision_stats": {
    "total": 0.0,
    "final": 0
  },
  "formation_stats": {
    "mean_error": 0.0,
    "final_error": 0.0,
    "min_error": 0.0
  }
}