{
  "num_episodes": 2,
  "reward_stats": {
    "mean": 1450.1343261012917,
    "std": 856.261470079422,
    "min": 593.8728560218696,
    "max": 2306.3957961807137,
    "all_rewards": [
      2306.3957961807137,
      593.8728560218696
    ]
  },
  "distance_stats": {
    "mean": 0.4493286606624156,
    "std": 0.05099240908632832,
    "min": 0.39833625157608726,
    "max": 0.5003210697487439,
    "all_distances": [
      0.39833625157608726,
      0.5003210697487439
    ]
  },
  "individual_episodes": [
    {
      "total_reward": 2306.3957961807137,
      "total_steps": 360,
      "mean_reward_per_step": 6.406654989390871,
      "num_phases_completed": 5,
      "phase_rewards": [
        528.1886242637519,
        591.030656337738,
        590.3864850997925,
        590.2452564239502,
        6.544774055480957
      ],
      "distance_stats": {
        "final": 