{
  "total_reward": 495.4154189834479,
  "total_steps": 84,
  "mean_reward_per_step": 5.897802606945809,
  "num_phases_completed": 1,
  "phase_rewards": [
    495.4154189834479
  ],
  "distance_stats": {
    "final": 0.3611387014389038,
    "mean": 0.5255493486183374,
    "min_achieved": 0.2782590389251709,
    "max": 1.400313411726584,
    "std": 0.32505890883753086,
    "improvement": 1.0391747102876803
  },
  "targets_reached_stats": {
    "total": 120.0,
    "max_simultaneous": 2.0,
    "mean": 1.4285714285714286
  },
  "collision_stats": {
    "total": 0.0,
    "final": 0
  },
  "formation_stats": {
    "mean_error": 0.2757050717409569,
    "final_error": 0.3122197389602661,
    "min_error": 0.14741578698158264
  }
}