{
  "num_episodes": 2,
  "reward_stats": {
    "mean": 1400.9056075820808,
    "std": 905.4901885986329,
    "min": 495.4154189834479,
    "max": 2306.3957961807137,
    "all_rewards": [
      2306.3957961807137,
      495.4154189834479
    ]
  },
  "distance_stats": {
    "mean": 0.46194280009721234,
    "std": 0.06360654852112504,
    "min": 0.39833625157608726,
    "max": 0.5255493486183374,
    "all_distances": [
      0.39833625157608726,
      0.5255493486183374
    ]
  },
  "individual_episodes": [
    {
      "total_reward": 2306.3957961807137,
      "total_steps": 360,
      "mean_reward_per_step": 6.406654989390871,
      "num_phases_completed": 5,
      "phase_rewards": [
        528.1886242637519,
        591.030656337738,
        590.3864850997925,
        590.2452564239502,
        6.544774055480957
      ],
      "distance_stats": {
        "final": 