{
  "total_reward": -125.29824700374257,
  "total_steps": 329,
  "mean_reward_per_step": -0.3808457355736856,
  "num_phases_completed": 4,
  "phase_rewards": [
    56.915028309634806,
    55.305105566978455,
    -107.76587200164795,
    -129.75250887870789
  ],
  "distance_stats": {
    "final": 3.9725334644317627,
    "mean": 2.380845735030178,
    "min_achieved": 0.8885554075241089,
    "max": 4.469278812408447,
    "std": 1.2034959923487025,
    "improvement": -1.5426969755007858
  },
  "targets_reached_stats": {
    "total": 0.0,
    "max_simultaneous": 0.0,
    "mean": 0.0
  },
  "collision_stats": {
    "total": 0.0,
    "final": 0
  },
  "formation_stats": {
    "mean_error": 0.0,
    "final_error": 0.0,
    "min_error": 0.0
  }
}