{
  "total_reward": 12333.583132947891,
  "total_steps": 360,
  "mean_reward_per_step": 34.259953147077475,
  "num_phases_completed": 5,
  "phase_rewards": [
    12196.619581320801,
    179.8220493659378,
    -18.794417309761045,
    -23.80195631980896,
    -0.26212410926818847
  ],
  "distance_stats": {
    "final": 2.6212410926818848,
    "mean": 1.8449129736695815,
    "min_achieved": 0.0153203709051013,
    "max": 2.9080963134765625,
    "std": 0.9129544512442549,
    "improvement": -0.955644466956562
  },
  "targets_reached_stats": {
    "total": 61.0,
    "max_simultaneous": 1.0,
    "mean": 0.16944444444444445
  },
  "collision_stats": {
    "total": 0.0,
    "final": 0
  },
  "formation_stats": {
    "mean_error": 0.0,
    "final_error": 0.0,
    "min_error": 0.0
  }
}