{
  "total_reward": 0.33231469031484545,
  "total_steps": 120,
  "mean_reward_per_step": 0.0027692890859570456,
  "num_phases_completed": 2,
  "phase_rewards": [
    0.2682217133423847,
    0.06409297697246075
  ],
  "distance_stats": {
    "final": 1.5453585386276245,
    "mean": 1.5126366804395337,
    "min_achieved": 1.1186118125915527,
    "max": 1.6918660533642496,
    "std": 0.12069317622783574,
    "improvement": 0.12614061012797873
  },
  "targets_reached_stats": {
    "total": 0.0,
    "max_simultaneous": 0.0,
    "mean": 0.0
  },
  "collision_stats": {
    "total": 0.0,
    "final": 0
  },
  "formation_stats": {
    "mean_error": 0.0,
    "final_error": 0.0,
    "min_error": 0.0
  }
}