{
  "total_reward": 16407.679435786395,
  "total_steps": 108,
  "mean_reward_per_step": 151.9229577387629,
  "num_phases_completed": 2,
  "phase_rewards": [
    12609.678522769946,
    3798.00091301645
  ],
  "distance_stats": {
    "final": 2.0154643058776855,
    "mean": 1.3188039175592718,
    "min_achieved": 0.5170226693153381,
    "max": 3.003744860946564,
    "std": 0.7146865758969877,
    "improvement": 0.9882805550688785
  },
  "targets_reached_stats": {
    "total": 191.0,
    "max_simultaneous": 4.0,
    "mean": 1.7685185185185186
  },
  "collision_stats": {
    "total": 1440.0,
    "final": 18
  },
  "formation_stats": {
    "mean_error": 1.0547086451591563,
    "final_error": 1.8476710319519043,
    "min_error": 0.2740940749645233
  }
}