{
  "total_reward": -577.175751950267,
  "total_steps": 720,
  "mean_reward_per_step": -0.8016329888198153,
  "num_phases_completed": 5,
  "phase_rewards": [
    127.83066582032747,
    -59.37986312162196,
    -237.67204101528358,
    -405.7003946554326,
    -2.254118978256283
  ],
  "distance_stats": {
    "final": 4.211098670959473,
    "mean": 2.7533161397308756,
    "min_achieved": 0.934918999671936,
    "max": 4.241216659545898,
    "std": 1.1368372041913188,
    "improvement": -1.7812621820284957
  },
  "targets_reached_stats": {
    "total": 0.0,
    "max_simultaneous": 0.0,
    "mean": 0.0
  },
  "collision_stats": {
    "total": 0.0,
    "final": 0
  },
  "formation_stats": {
    "mean_error": 0.0,
    "final_error": 0.0,
    "min_error": 0.0
  }
}