{
  "total_reward": 294.4749191742294,
  "total_steps": 189,
  "mean_reward_per_step": 1.5580683554192032,
  "num_phases_completed": 3,
  "phase_rewards": [
    154.25977918389037,
    175.29596272196179,
    -35.080822731622675
  ],
  "distance_stats": {
    "final": 5.234073638916016,
    "mean": 3.8889902551455746,
    "min_achieved": 2.234581708908081,
    "max": 5.234073638916016,
    "std": 0.9744876569195264,
    "improvement": -2.997545489213874
  },
  "targets_reached_stats": {
    "total": 0.0,
    "max_simultaneous": 0.0,
    "mean": 0.0
  },
  "collision_stats": {
    "total": 0.0,
    "final": 0
  },
  "formation_stats": {
    "mean_error": 0.0,
    "final_error": 0.0,
    "min_error": 0.0
  }
}