{
  "total_reward": 253.78476486695627,
  "total_steps": 57,
  "mean_reward_per_step": 4.452364295911513,
  "num_phases_completed": 1,
  "phase_rewards": [
    253.78476486695627
  ],
  "distance_stats": {
    "final": 0.8697049021720886,
    "mean": 0.8869089239307306,
    "min_achieved": 0.6860314011573792,
    "max": 1.4564613490119225,
    "std": 0.2184516960492637,
    "improvement": 0.5867564468398339
  },
  "targets_reached_stats": {
    "total": 0.0,
    "max_simultaneous": 0.0,
    "mean": 0.0
  },
  "collision_stats": {
    "total": 0.0,
    "final": 0
  },
  "formation_stats": {
    "mean_error": 0.24702781539474852,
    "final_error": 0.22458955645561218,
    "min_error": 0.16593825817108154
  }
}