{
  "total_reward": 29047.19329366025,
  "total_steps": 720,
  "mean_reward_per_step": 40.34332401897257,
  "num_phases_completed": 5,
  "phase_rewards": [
    30154.784191264018,
    -208.1607939049962,
    -376.21255161818664,
    -520.3290058673563,
    -2.8885462132445925
  ],
  "distance_stats": {
    "final": 2.8713219165802,
    "mean": 1.857910632876222,
    "min_achieved": 0.0153203709051013,
    "max": 2.887622594833374,
    "std": 1.0114139702592595,
    "improvement": -1.2057252908548775
  },
  "targets_reached_stats": {
    "total": 151.0,
    "max_simultaneous": 1.0,
    "mean": 0.20972222222222223
  },
  "collision_stats": {
    "total": 0.0,
    "final": 0
  },
  "formation_stats": {
    "mean_error": 0.0,
    "final_error": 0.0,
    "min_error": 0.0
  }
}