{
  "total_reward": 100.01626380198923,
  "total_steps": 208,
  "mean_reward_per_step": 0.4808474221249482,
  "num_phases_completed": 3,
  "phase_rewards": [
    77.7369978096458,
    19.935294553637505,
    2.343971438705921
  ],
  "distance_stats": {
    "final": 2.258173704147339,
    "mean": 1.6859626052468915,
    "min_achieved": 0.7022258639335632,
    "max": 2.6742701530456543,
    "std": 0.7208927025758295,
    "improvement": -0.8017123551354164
  },
  "targets_reached_stats": {
    "total": 0.0,
    "max_simultaneous": 0.0,
    "mean": 0.0
  },
  "collision_stats": {
    "total": 0.0,
    "final": 0
  },
  "formation_stats": {
    "mean_error": 0.708576537202847,
    "final_error": 0.5796827673912048,
    "min_error": 0.27023500204086304
  }
}